SET NAMES utf8mb4;
CREATE TABLE IF NOT EXISTS users (id INT AUTO_INCREMENT PRIMARY KEY, username VARCHAR(50), password VARCHAR(100), role VARCHAR(20), student_id VARCHAR(10));
CREATE TABLE IF NOT EXISTS admins (id INT AUTO_INCREMENT PRIMARY KEY, username VARCHAR(50), otp_code VARCHAR(4));
CREATE TABLE IF NOT EXISTS students (id INT AUTO_INCREMENT PRIMARY KEY, student_id VARCHAR(10), fullname VARCHAR(100), faculty VARCHAR(100), major VARCHAR(100), program VARCHAR(100), dob DATE, citizen_id VARCHAR(20), nationality VARCHAR(50), religion VARCHAR(50), blood VARCHAR(5), parent_father VARCHAR(100), parent_mother VARCHAR(100), address VARCHAR(200), gpa DECIMAL(3,2));
CREATE TABLE IF NOT EXISTS advisors (id INT AUTO_INCREMENT PRIMARY KEY, name VARCHAR(120), position VARCHAR(120), department VARCHAR(120), email VARCHAR(120), phone VARCHAR(50));
DELETE FROM users; DELETE FROM admins; DELETE FROM students; DELETE FROM advisors;
INSERT INTO admins(username, otp_code) VALUES ('admin','0042');
INSERT INTO users(username, password, role, student_id) VALUES ('admin','admin123','admin', NULL);
INSERT INTO students(student_id, fullname, faculty, major, program, dob, citizen_id, nationality, religion, blood, parent_father, parent_mother, address, gpa) VALUES ('S0001','พชร เจริญสุข','คณะสถาปัตยกรรมศาสตร์','สถาปัตยกรรม','สถาปัตยกรรมศาสตรบัณฑิต','2004-09-04','1000000000374','ไทย','อิสลาม','O','ทวีชัย','กาญจนา','20/12 นครราชสีมา','2.84');
INSERT INTO users(username, password, role, student_id) VALUES ('s0001','1234','student','S0001');
INSERT INTO students(student_id, fullname, faculty, major, program, dob, citizen_id, nationality, religion, blood, parent_father, parent_mother, address, gpa) VALUES ('S0002','กาญจน์ ฟ้าใส','คณะวิทยาศาสตร์','ฟิสิกส์','วิทยาศาสตรบัณฑิต','2004-04-21','1000000000765','ไทย','อิสลาม','O','ประสงค์','อรพิน','204/7 นนทบุรี','2.09');
INSERT INTO users(username, password, role, student_id) VALUES ('s0002','1234','student','S0002');
INSERT INTO students(student_id, fullname, faculty, major, program, dob, citizen_id, nationality, religion, blood, parent_father, parent_mother, address, gpa) VALUES ('S0003','วริษา ฟ้าใส','คณะวิศวกรรมศาสตร์','วิศวกรรมคอมพิวเตอร์','วิศวกรรมศาสตรบัณฑิต','2006-05-18','1000000001081','ไทย','คริสต์','A','ปรีชา','อรพิน','293/82 ลพบุรี','2.74');
INSERT INTO users(username, password, role, student_id) VALUES ('s0003','1234','student','S0003');
INSERT INTO students(student_id, fullname, faculty, major, program, dob, citizen_id, nationality, religion, blood, parent_father, parent_mother, address, gpa) VALUES ('S0004','ขวัญใจ อรุณรุ่ง','คณะวิทยาศาสตร์','ฟิสิกส์','วิทยาศาสตรบัณฑิต','2004-08-22','1000000000913','ไทย','พุทธ','B','ไพโรจน์','อรพิน','233/47 สงขลา','2.50');
INSERT INTO users(username, password, role, student_id) VALUES ('s0004','1234','student','S0004');
INSERT INTO students(student_id, fullname, faculty, major, program, dob, citizen_id, nationality, religion, blood, parent_father, parent_mother, address, gpa) VALUES ('S0005','กฤตภาส มณีโชติ','คณะวิทยาการจัดการ','การตลาด','บริหารธุรกิจบัณฑิต','2006-08-11','1000000001238','ไทย','พุทธ','B','วิศรุต','สุมาลี','61/66 นครราชสีมา','2.33');
INSERT INTO users(username, password, role, student_id) VALUES ('s0005','1234','student','S0005');
INSERT INTO students(student_id, fullname, faculty, major, program, dob, citizen_id, nationality, religion, blood, parent_father, parent_mother, address, gpa) VALUES ('S0006','ธีรภัทร ฟ้าใส','คณะวิทยาศาสตร์','วิทยาการข้อมูล','วิทยาศาสตรบัณฑิต','2004-09-19','1000000001423','ไทย','พุทธ','B','เกรียงไกร','นภัสสร','255/75 พิษณุโลก','2.14');
INSERT INTO users(username, password, role, student_id) VALUES ('s0006','1234','student','S0006');
INSERT INTO students(student_id, fullname, faculty, major, program, dob, citizen_id, nationality, religion, blood, parent_father, parent_mother, address, gpa) VALUES ('S0007','ชนะชัย เรืองเดช','คณะสถาปัตยกรรมศาสตร์','สถาปัตยกรรม','สถาปัตยกรรมศาสตรบัณฑิต','2004-12-23','1000000001055','ไทย','คริสต์','AB','พีระ','อัจฉรา','178/3 พิษณุโลก','2.71');
INSERT INTO users(username, password, role, student_id) VALUES ('s0007','1234','student','S0007');
INSERT INTO students(student_id, fullname, faculty, major, program, dob, citizen_id, nationality, religion, blood, parent_father, parent_mother, address, gpa) VALUES ('S0008','พิมลรัตน์ กตัญญู','คณะวิศวกรรมศาสตร์','วิศวกรรมเครื่องกล','วิศวกรรมศาสตรบัณฑิต','2004-12-08','1000000001268','ไทย','พุทธ','AB','สุชาติ','พัชรี','230/52 ปทุมธานี','3.77');
INSERT INTO users(username, password, role, student_id) VALUES ('s0008','1234','student','S0008');
INSERT INTO students(student_id, fullname, faculty, major, program, dob, citizen_id, nationality, religion, blood, parent_father, parent_mother, address, gpa) VALUES ('S0009','ปนัดดา วรุตม์','คณะสถาปัตยกรรมศาสตร์','สถาปัตยกรรมภายใน','สถาปัตยกรรมศาสตรบัณฑิต','2005-11-13','1000000001964','ไทย','พุทธ','A','สุชาติ','พัชรี','78/30 นนทบุรี','2.02');
INSERT INTO users(username, password, role, student_id) VALUES ('s0009','1234','student','S0009');
INSERT INTO students(student_id, fullname, faculty, major, program, dob, citizen_id, nationality, religion, blood, parent_father, parent_mother, address, gpa) VALUES ('S0010','กัลยารัตน์ วรุตม์','คณะอักษรศาสตร์','ภาษาไทย','ศิลปศาสตรบัณฑิต','2004-07-18','1000000001485','ไทย','อิสลาม','B','วีรพล','ปาริชาติ','28/59 สุราษฎร์ธานี','2.80');
INSERT INTO users(username, password, role, student_id) VALUES ('s0010','1234','student','S0010');
INSERT INTO students(student_id, fullname, faculty, major, program, dob, citizen_id, nationality, religion, blood, parent_father, parent_mother, address, gpa) VALUES ('S0011','ธีรภัทร หทัยกานต์','คณะสังคมศาสตร์','รัฐศาสตร์','รัฐศาสตรบัณฑิต','2004-02-07','1000000001681','ไทย','พุทธ','O','เฉลิม','นภัสสร','27/14 กรุงเทพฯ','3.13');
INSERT INTO users(username, password, role, student_id) VALUES ('s0011','1234','student','S0011');
INSERT INTO students(student_id, fullname, faculty, major, program, dob, citizen_id, nationality, religion, blood, parent_father, parent_mother, address, gpa) VALUES ('S0012','แพรวา รุ่งเรือง','คณะวิทยาศาสตร์','วิทยาการคอมพิวเตอร์','วิทยาศาสตรบัณฑิต','2004-10-13','1000000001505','ไทย','คริสต์','B','เกรียงไกร','นภัสสร','187/61 ภูเก็ต','2.23');
INSERT INTO users(username, password, role, student_id) VALUES ('s0012','1234','student','S0012');
INSERT INTO students(student_id, fullname, faculty, major, program, dob, citizen_id, nationality, religion, blood, parent_father, parent_mother, address, gpa) VALUES ('S0013','กิตติภพ เรืองเดช','คณะสังคมศาสตร์','สังคมวิทยาและมานุษยวิทยา','รัฐศาสตรบัณฑิต','2004-03-04','1000000002243','ไทย','พุทธ','B','บุญเลิศ','พัชรี','265/3 ลพบุรี','3.90');
INSERT INTO users(username, password, role, student_id) VALUES ('s0013','1234','student','S0013');
INSERT INTO students(student_id, fullname, faculty, major, program, dob, citizen_id, nationality, religion, blood, parent_father, parent_mother, address, gpa) VALUES ('S0014','พิมพ์ดาว ทวีผล','คณะวิทยาการจัดการ','การบัญชี','บริหารธุรกิจบัณฑิต','2006-05-21','1000000002483','ไทย','พุทธ','B','ทวีชัย','เสาวลักษณ์','86/46 นนทบุรี','3.07');
INSERT INTO users(username, password, role, student_id) VALUES ('s0014','1234','student','S0014');
INSERT INTO students(student_id, fullname, faculty, major, program, dob, citizen_id, nationality, religion, blood, parent_father, parent_mother, address, gpa) VALUES ('S0015','ธิดารัตน์ หทัยกานต์','คณะวิศวกรรมศาสตร์','วิศวกรรมไฟฟ้า','วิศวกรรมศาสตรบัณฑิต','2004-07-24','1000000002544','ไทย','พุทธ','A','ทวีชัย','ระพีพรรณ','183/94 กรุงเทพฯ','3.98');
INSERT INTO users(username, password, role, student_id) VALUES ('s0015','1234','student','S0015');
INSERT INTO students(student_id, fullname, faculty, major, program, dob, citizen_id, nationality, religion, blood, parent_father, parent_mother, address, gpa) VALUES ('S0016','พิมลรัตน์ วรุตม์','คณะวิศวกรรมศาสตร์','วิศวกรรมเครื่องกล','วิศวกรรมศาสตรบัณฑิต','2005-12-12','1000000002822','ไทย','พุทธ','O','เดชาชาญ','พรรณี','117/61 ลพบุรี','2.68');
INSERT INTO users(username, password, role, student_id) VALUES ('s0016','1234','student','S0016');
INSERT INTO students(student_id, fullname, faculty, major, program, dob, citizen_id, nationality, religion, blood, parent_father, parent_mother, address, gpa) VALUES ('S0017','ทศพล ศรีวิชัย','คณะวิทยาศาสตร์','ชีววิทยา','วิทยาศาสตรบัณฑิต','2006-06-26','1000000002626','ไทย','พุทธ','O','ดำรงค์','กาญจนา','245/23 นครราชสีมา','3.58');
INSERT INTO users(username, password, role, student_id) VALUES ('s0017','1234','student','S0017');
INSERT INTO students(student_id, fullname, faculty, major, program, dob, citizen_id, nationality, religion, blood, parent_father, parent_mother, address, gpa) VALUES ('S0018','ชยุต สุขใจ','คณะสังคมศาสตร์','สังคมสงเคราะห์','รัฐศาสตรบัณฑิต','2004-12-06','1000000002265','ไทย','พุทธ','O','วีรพล','อรพิน','239/84 ลำปาง','3.22');
INSERT INTO users(username, password, role, student_id) VALUES ('s0018','1234','student','S0018');
INSERT INTO students(student_id, fullname, faculty, major, program, dob, citizen_id, nationality, religion, blood, parent_father, parent_mother, address, gpa) VALUES ('S0019','พิมลรัตน์ ศิริพร','คณะอักษรศาสตร์','ภาษาอังกฤษ','ศิลปศาสตรบัณฑิต','2006-09-05','1000000002235','ไทย','พุทธ','O','ทวีชัย','พรพิมล','223/25 ลพบุรี','2.06');
INSERT INTO users(username, password, role, student_id) VALUES ('s0019','1234','student','S0019');
INSERT INTO students(student_id, fullname, faculty, major, program, dob, citizen_id, nationality, religion, blood, parent_father, parent_mother, address, gpa) VALUES ('S0020','ธันวา ทองดี','คณะวิทยาการจัดการ','การตลาด','บริหารธุรกิจบัณฑิต','2005-09-14','1000000003191','ไทย','พุทธ','O','เกรียงไกร','อารีย์','299/67 นครราชสีมา','3.65');
INSERT INTO users(username, password, role, student_id) VALUES ('s0020','1234','student','S0020');
INSERT INTO students(student_id, fullname, faculty, major, program, dob, citizen_id, nationality, religion, blood, parent_father, parent_mother, address, gpa) VALUES ('S0021','พิมพ์ดาว ทวีศักดิ์','คณะวิศวกรรมศาสตร์','วิศวกรรมคอมพิวเตอร์','วิศวกรรมศาสตรบัณฑิต','2005-03-20','1000000002464','ไทย','พุทธ','A','วีรพล','ระพีพรรณ','62/72 เชียงใหม่','2.65');
INSERT INTO users(username, password, role, student_id) VALUES ('s0021','1234','student','S0021');
INSERT INTO students(student_id, fullname, faculty, major, program, dob, citizen_id, nationality, religion, blood, parent_father, parent_mother, address, gpa) VALUES ('S0022','ปนัดดา เรืองเดช','คณะวิทยาศาสตร์','ฟิสิกส์','วิทยาศาสตรบัณฑิต','2004-04-07','1000000002866','ไทย','พุทธ','O','ทวีชัย','อารีย์','288/4 ขอนแก่น','2.89');
INSERT INTO users(username, password, role, student_id) VALUES ('s0022','1234','student','S0022');
INSERT INTO students(student_id, fullname, faculty, major, program, dob, citizen_id, nationality, religion, blood, parent_father, parent_mother, address, gpa) VALUES ('S0023','ชนิดา รุ่งเรือง','คณะวิทยาการจัดการ','การบัญชี','บริหารธุรกิจบัณฑิต','2006-05-15','1000000003226','ไทย','อิสลาม','AB','ทวีชัย','นุชนารถ','268/34 ลพบุรี','3.68');
INSERT INTO users(username, password, role, student_id) VALUES ('s0023','1234','student','S0023');
INSERT INTO students(student_id, fullname, faculty, major, program, dob, citizen_id, nationality, religion, blood, parent_father, parent_mother, address, gpa) VALUES ('S0024','อนุชา เจริญสุข','คณะสังคมศาสตร์','สังคมวิทยาและมานุษยวิทยา','รัฐศาสตรบัณฑิต','2004-11-08','1000000003267','ไทย','พุทธ','A','พีระ','พรรณี','80/92 อุดรธานี','2.29');
INSERT INTO users(username, password, role, student_id) VALUES ('s0024','1234','student','S0024');
INSERT INTO students(student_id, fullname, faculty, major, program, dob, citizen_id, nationality, religion, blood, parent_father, parent_mother, address, gpa) VALUES ('S0025','พิชญา ทองดี','คณะสถาปัตยกรรมศาสตร์','สถาปัตยกรรม','สถาปัตยกรรมศาสตรบัณฑิต','2005-08-06','1000000003635','ไทย','พุทธ','A','สมโภชน์','ปาริชาติ','207/44 นครราชสีมา','2.39');
INSERT INTO users(username, password, role, student_id) VALUES ('s0025','1234','student','S0025');
INSERT INTO students(student_id, fullname, faculty, major, program, dob, citizen_id, nationality, religion, blood, parent_father, parent_mother, address, gpa) VALUES ('S0026','ปาณัสม์ ใจดี','คณะอักษรศาสตร์','ภาษาญี่ปุ่น','ศิลปศาสตรบัณฑิต','2005-12-01','1000000003468','ไทย','พุทธ','B','ทวีชัย','สุมาลี','58/30 ภูเก็ต','2.17');
INSERT INTO users(username, password, role, student_id) VALUES ('s0026','1234','student','S0026');
INSERT INTO students(student_id, fullname, faculty, major, program, dob, citizen_id, nationality, religion, blood, parent_father, parent_mother, address, gpa) VALUES ('S0027','ธนดล วรุตม์','คณะวิศวกรรมศาสตร์','วิศวกรรมโยธา','วิศวกรรมศาสตรบัณฑิต','2006-05-13','1000000003350','ไทย','อิสลาม','AB','เฉลิม','สุมาลี','143/8 ระยอง','2.85');
INSERT INTO users(username, password, role, student_id) VALUES ('s0027','1234','student','S0027');
INSERT INTO students(student_id, fullname, faculty, major, program, dob, citizen_id, nationality, religion, blood, parent_father, parent_mother, address, gpa) VALUES ('S0028','สมชาย หทัยกานต์','คณะวิทยาศาสตร์','เคมี','วิทยาศาสตรบัณฑิต','2004-10-28','1000000003548','ไทย','พุทธ','B','ปรีชา','อารีย์','6/44 นครราชสีมา','3.85');
INSERT INTO users(username, password, role, student_id) VALUES ('s0028','1234','student','S0028');
INSERT INTO students(student_id, fullname, faculty, major, program, dob, citizen_id, nationality, religion, blood, parent_father, parent_mother, address, gpa) VALUES ('S0029','พชร กตัญญู','คณะวิทยาการจัดการ','การจัดการ','บริหารธุรกิจบัณฑิต','2004-02-06','1000000003712','ไทย','พุทธ','A','ชูชาติ','วารุณี','157/68 ลพบุรี','2.58');
INSERT INTO users(username, password, role, student_id) VALUES ('s0029','1234','student','S0029');
INSERT INTO students(student_id, fullname, faculty, major, program, dob, citizen_id, nationality, religion, blood, parent_father, parent_mother, address, gpa) VALUES ('S0030','กัลยารัตน์ วรุตม์','คณะอักษรศาสตร์','ภาษาไทย','ศิลปศาสตรบัณฑิต','2005-01-01','1000000003585','ไทย','คริสต์','A','ทวีชัย','ระพีพรรณ','126/58 ภูเก็ต','3.32');
INSERT INTO users(username, password, role, student_id) VALUES ('s0030','1234','student','S0030');
INSERT INTO students(student_id, fullname, faculty, major, program, dob, citizen_id, nationality, religion, blood, parent_father, parent_mother, address, gpa) VALUES ('S0031','พิมลรัตน์ ทวีศักดิ์','คณะสังคมศาสตร์','สังคมสงเคราะห์','รัฐศาสตรบัณฑิต','2005-12-07','1000000003925','ไทย','พุทธ','A','วีรพล','อัจฉรา','178/7 ลำปาง','2.03');
INSERT INTO users(username, password, role, student_id) VALUES ('s0031','1234','student','S0031');
INSERT INTO students(student_id, fullname, faculty, major, program, dob, citizen_id, nationality, religion, blood, parent_father, parent_mother, address, gpa) VALUES ('S0032','ธาริณี ฟ้าใส','คณะวิศวกรรมศาสตร์','วิศวกรรมคอมพิวเตอร์','วิศวกรรมศาสตรบัณฑิต','2004-11-27','1000000004203','ไทย','อิสลาม','B','วิศรุต','นุชนารถ','151/6 พิษณุโลก','2.37');
INSERT INTO users(username, password, role, student_id) VALUES ('s0032','1234','student','S0032');
INSERT INTO students(student_id, fullname, faculty, major, program, dob, citizen_id, nationality, religion, blood, parent_father, parent_mother, address, gpa) VALUES ('S0033','สมชาย วรุตม์','คณะอักษรศาสตร์','ภาษาจีน','ศิลปศาสตรบัณฑิต','2006-06-08','1000000003971','ไทย','พุทธ','A','เกรียงไกร','พัชรี','1/43 สุราษฎร์ธานี','2.17');
INSERT INTO users(username, password, role, student_id) VALUES ('s0033','1234','student','S0033');
INSERT INTO students(student_id, fullname, faculty, major, program, dob, citizen_id, nationality, religion, blood, parent_father, parent_mother, address, gpa) VALUES ('S0034','อรรถ ทองดี','คณะวิทยาการจัดการ','การบัญชี','บริหารธุรกิจบัณฑิต','2004-05-27','1000000004150','ไทย','พุทธ','AB','ประสงค์','ขนิษฐา','202/3 สงขลา','2.61');
INSERT INTO users(username, password, role, student_id) VALUES ('s0034','1234','student','S0034');
INSERT INTO students(student_id, fullname, faculty, major, program, dob, citizen_id, nationality, religion, blood, parent_father, parent_mother, address, gpa) VALUES ('S0035','ศุภกร ศรีทอง','คณะวิศวกรรมศาสตร์','วิศวกรรมโยธา','วิศวกรรมศาสตรบัณฑิต','2005-12-16','1000000004335','ไทย','พุทธ','A','ประสิทธิ์','ปาริชาติ','220/94 ลำปาง','3.82');
INSERT INTO users(username, password, role, student_id) VALUES ('s0035','1234','student','S0035');
INSERT INTO students(student_id, fullname, faculty, major, program, dob, citizen_id, nationality, religion, blood, parent_father, parent_mother, address, gpa) VALUES ('S0036','ชลธิชา ศรีวิชัย','คณะวิทยาศาสตร์','วิทยาการข้อมูล','วิทยาศาสตรบัณฑิต','2006-12-22','1000000005284','ไทย','คริสต์','A','สุชาติ','สมศรี','22/18 อุดรธานี','3.92');
INSERT INTO users(username, password, role, student_id) VALUES ('s0036','1234','student','S0036');
INSERT INTO students(student_id, fullname, faculty, major, program, dob, citizen_id, nationality, religion, blood, parent_father, parent_mother, address, gpa) VALUES ('S0037','กิตติภพ ทวีศักดิ์','คณะวิทยาศาสตร์','วิทยาการข้อมูล','วิทยาศาสตรบัณฑิต','2004-11-18','1000000005125','ไทย','พุทธ','AB','อนุชา','สมศรี','234/9 ขอนแก่น','3.32');
INSERT INTO users(username, password, role, student_id) VALUES ('s0037','1234','student','S0037');
INSERT INTO students(student_id, fullname, faculty, major, program, dob, citizen_id, nationality, religion, blood, parent_father, parent_mother, address, gpa) VALUES ('S0038','ธีรภัทร วรุตม์','คณะวิทยาศาสตร์','เคมี','วิทยาศาสตรบัณฑิต','2004-12-25','1000000004761','ไทย','พุทธ','AB','บุญเลิศ','อัจฉรา','40/62 สงขลา','3.53');
INSERT INTO users(username, password, role, student_id) VALUES ('s0038','1234','student','S0038');
INSERT INTO students(student_id, fullname, faculty, major, program, dob, citizen_id, nationality, religion, blood, parent_father, parent_mother, address, gpa) VALUES ('S0039','กรรณิการ์ มณีโชติ','คณะวิทยาการจัดการ','การบัญชี','บริหารธุรกิจบัณฑิต','2005-05-21','1000000005435','ไทย','คริสต์','B','วิศรุต','อรพิน','69/2 อุบลราชธานี','2.12');
INSERT INTO users(username, password, role, student_id) VALUES ('s0039','1234','student','S0039');
INSERT INTO students(student_id, fullname, faculty, major, program, dob, citizen_id, nationality, religion, blood, parent_father, parent_mother, address, gpa) VALUES ('S0040','อนุชา ทวีผล','คณะวิศวกรรมศาสตร์','วิศวกรรมโยธา','วิศวกรรมศาสตรบัณฑิต','2005-12-17','1000000005089','ไทย','พุทธ','AB','ไพโรจน์','พรรณี','282/26 สงขลา','3.96');
INSERT INTO users(username, password, role, student_id) VALUES ('s0040','1234','student','S0040');
INSERT INTO students(student_id, fullname, faculty, major, program, dob, citizen_id, nationality, religion, blood, parent_father, parent_mother, address, gpa) VALUES ('S0041','สมหญิง ชื่นจิต','คณะสังคมศาสตร์','รัฐศาสตร์','รัฐศาสตรบัณฑิต','2006-08-09','1000000005316','ไทย','พุทธ','A','สุชาติ','อรพิน','47/19 ปทุมธานี','3.91');
INSERT INTO users(username, password, role, student_id) VALUES ('s0041','1234','student','S0041');
INSERT INTO students(student_id, fullname, faculty, major, program, dob, citizen_id, nationality, religion, blood, parent_father, parent_mother, address, gpa) VALUES ('S0042','ธันวา วรุตม์','คณะวิทยาศาสตร์','วิทยาการข้อมูล','วิทยาศาสตรบัณฑิต','2005-04-16','1000000005962','ไทย','พุทธ','AB','สมพร','พัชรี','2/63 พิษณุโลก','2.81');
INSERT INTO users(username, password, role, student_id) VALUES ('s0042','1234','student','S0042');
INSERT INTO students(student_id, fullname, faculty, major, program, dob, citizen_id, nationality, religion, blood, parent_father, parent_mother, address, gpa) VALUES ('S0043','วริศรา เก่งกล้า','คณะสังคมศาสตร์','สังคมวิทยาและมานุษยวิทยา','รัฐศาสตรบัณฑิต','2004-06-01','1000000005498','ไทย','พุทธ','AB','ปรีชา','กาญจนา','7/95 สงขลา','2.51');
INSERT INTO users(username, password, role, student_id) VALUES ('s0043','1234','student','S0043');
INSERT INTO students(student_id, fullname, faculty, major, program, dob, citizen_id, nationality, religion, blood, parent_father, parent_mother, address, gpa) VALUES ('S0044','ชยุต ทรัพย์สมบัติ','คณะวิทยาการจัดการ','การบัญชี','บริหารธุรกิจบัณฑิต','2005-07-25','1000000005570','ไทย','พุทธ','B','ปรีชา','ขนิษฐา','147/82 ลำปาง','2.50');
INSERT INTO users(username, password, role, student_id) VALUES ('s0044','1234','student','S0044');
INSERT INTO students(student_id, fullname, faculty, major, program, dob, citizen_id, nationality, religion, blood, parent_father, parent_mother, address, gpa) VALUES ('S0045','ธันวา รุ่งโรจน์','คณะวิศวกรรมศาสตร์','วิศวกรรมเครื่องกล','วิศวกรรมศาสตรบัณฑิต','2005-01-26','1000000006191','ไทย','คริสต์','AB','โกมล','นิศารัตน์','105/93 ขอนแก่น','2.10');
INSERT INTO users(username, password, role, student_id) VALUES ('s0045','1234','student','S0045');
INSERT INTO students(student_id, fullname, faculty, major, program, dob, citizen_id, nationality, religion, blood, parent_father, parent_mother, address, gpa) VALUES ('S0046','พิชญา รุ่งเรือง','คณะวิศวกรรมศาสตร์','วิศวกรรมเครื่องกล','วิศวกรรมศาสตรบัณฑิต','2005-01-18','1000000005665','ไทย','พุทธ','AB','สมโภชน์','สุนิสา','145/39 ปทุมธานี','3.48');
INSERT INTO users(username, password, role, student_id) VALUES ('s0046','1234','student','S0046');
INSERT INTO students(student_id, fullname, faculty, major, program, dob, citizen_id, nationality, religion, blood, parent_father, parent_mother, address, gpa) VALUES ('S0047','ธาริณี เจริญสุข','คณะสถาปัตยกรรมศาสตร์','สถาปัตยกรรม','สถาปัตยกรรมศาสตรบัณฑิต','2005-08-18','1000000006342','ไทย','พุทธ','O','จรูญ','พัชรี','39/27 อุบลราชธานี','3.10');
INSERT INTO users(username, password, role, student_id) VALUES ('s0047','1234','student','S0047');
INSERT INTO students(student_id, fullname, faculty, major, program, dob, citizen_id, nationality, religion, blood, parent_father, parent_mother, address, gpa) VALUES ('S0048','ภาณุ กาญจนพร','คณะสังคมศาสตร์','สังคมวิทยาและมานุษยวิทยา','รัฐศาสตรบัณฑิต','2004-09-07','1000000006030','ไทย','พุทธ','A','เฉลิม','นิศารัตน์','47/41 นนทบุรี','2.74');
INSERT INTO users(username, password, role, student_id) VALUES ('s0048','1234','student','S0048');
INSERT INTO students(student_id, fullname, faculty, major, program, dob, citizen_id, nationality, religion, blood, parent_father, parent_mother, address, gpa) VALUES ('S0049','กรรณิการ์ ปิ่นทรัพย์','คณะวิทยาศาสตร์','วิทยาการข้อมูล','วิทยาศาสตรบัณฑิต','2005-07-14','1000000006667','ไทย','อิสลาม','A','ดำรงค์','อุไรวรรณ','174/97 เชียงใหม่','3.00');
INSERT INTO users(username, password, role, student_id) VALUES ('s0049','1234','student','S0049');
INSERT INTO students(student_id, fullname, faculty, major, program, dob, citizen_id, nationality, religion, blood, parent_father, parent_mother, address, gpa) VALUES ('S0050','แพรวา ธารา','คณะสถาปัตยกรรมศาสตร์','สถาปัตยกรรม','สถาปัตยกรรมศาสตรบัณฑิต','2004-05-08','1000000006420','ไทย','พุทธ','AB','สมโภชน์','วารุณี','12/17 เชียงใหม่','2.85');
INSERT INTO users(username, password, role, student_id) VALUES ('s0050','1234','student','S0050');
INSERT INTO students(student_id, fullname, faculty, major, program, dob, citizen_id, nationality, religion, blood, parent_father, parent_mother, address, gpa) VALUES ('S0051','พิมลรัตน์ อรุณรุ่ง','คณะสังคมศาสตร์','รัฐศาสตร์','รัฐศาสตรบัณฑิต','2004-07-27','1000000006690','ไทย','พุทธ','AB','เดชาชาญ','พรรณี','115/20 ลำปาง','3.04');
INSERT INTO users(username, password, role, student_id) VALUES ('s0051','1234','student','S0051');
INSERT INTO students(student_id, fullname, faculty, major, program, dob, citizen_id, nationality, religion, blood, parent_father, parent_mother, address, gpa) VALUES ('S0052','พิชญา มณีโชติ','คณะวิทยาการจัดการ','การบัญชี','บริหารธุรกิจบัณฑิต','2004-03-08','1000000006856','ไทย','พุทธ','B','วีรพล','อุไรวรรณ','271/82 นครราชสีมา','3.40');
INSERT INTO users(username, password, role, student_id) VALUES ('s0052','1234','student','S0052');
INSERT INTO students(student_id, fullname, faculty, major, program, dob, citizen_id, nationality, religion, blood, parent_father, parent_mother, address, gpa) VALUES ('S0053','เดชา ชื่นจิต','คณะวิทยาการจัดการ','การจัดการ','บริหารธุรกิจบัณฑิต','2004-07-09','1000000006624','ไทย','อิสลาม','O','สมพร','นิศารัตน์','155/59 ปทุมธานี','3.92');
INSERT INTO users(username, password, role, student_id) VALUES ('s0053','1234','student','S0053');
INSERT INTO students(student_id, fullname, faculty, major, program, dob, citizen_id, nationality, religion, blood, parent_father, parent_mother, address, gpa) VALUES ('S0054','ศศิธร เรืองเดช','คณะวิทยาการจัดการ','การบัญชี','บริหารธุรกิจบัณฑิต','2006-04-01','1000000007502','ไทย','พุทธ','B','ประสิทธิ์','สมศรี','100/64 นครราชสีมา','2.16');
INSERT INTO users(username, password, role, student_id) VALUES ('s0054','1234','student','S0054');
INSERT INTO students(student_id, fullname, faculty, major, program, dob, citizen_id, nationality, religion, blood, parent_father, parent_mother, address, gpa) VALUES ('S0055','ปวีร์ เสถียรชัย','คณะอักษรศาสตร์','ภาษาอังกฤษ','ศิลปศาสตรบัณฑิต','2005-01-23','1000000006988','ไทย','คริสต์','AB','เกรียงไกร','อัจฉรา','102/1 สงขลา','3.48');
INSERT INTO users(username, password, role, student_id) VALUES ('s0055','1234','student','S0055');
INSERT INTO students(student_id, fullname, faculty, major, program, dob, citizen_id, nationality, religion, blood, parent_father, parent_mother, address, gpa) VALUES ('S0056','กรรณิการ์ เรืองเดช','คณะวิศวกรรมศาสตร์','วิศวกรรมเครื่องกล','วิศวกรรมศาสตรบัณฑิต','2004-04-15','1000000006991','ไทย','พุทธ','B','ปรีชา','นภัสสร','254/79 ระยอง','3.79');
INSERT INTO users(username, password, role, student_id) VALUES ('s0056','1234','student','S0056');
INSERT INTO students(student_id, fullname, faculty, major, program, dob, citizen_id, nationality, religion, blood, parent_father, parent_mother, address, gpa) VALUES ('S0057','วายุ รุ่งเรือง','คณะวิศวกรรมศาสตร์','วิศวกรรมโยธา','วิศวกรรมศาสตรบัณฑิต','2004-04-01','1000000007885','ไทย','อิสลาม','A','สมโภชน์','ขนิษฐา','31/24 สุราษฎร์ธานี','2.90');
INSERT INTO users(username, password, role, student_id) VALUES ('s0057','1234','student','S0057');
INSERT INTO students(student_id, fullname, faculty, major, program, dob, citizen_id, nationality, religion, blood, parent_father, parent_mother, address, gpa) VALUES ('S0058','ธิดารัตน์ สถาพร','คณะวิทยาศาสตร์','วิทยาการคอมพิวเตอร์','วิทยาศาสตรบัณฑิต','2004-06-07','1000000007200','ไทย','คริสต์','AB','ประสิทธิ์','วารุณี','194/48 น่าน','2.88');
INSERT INTO users(username, password, role, student_id) VALUES ('s0058','1234','student','S0058');
INSERT INTO students(student_id, fullname, faculty, major, program, dob, citizen_id, nationality, religion, blood, parent_father, parent_mother, address, gpa) VALUES ('S0059','เดชา วรุตม์','คณะวิทยาศาสตร์','เคมี','วิทยาศาสตรบัณฑิต','2005-02-18','1000000008121','ไทย','พุทธ','AB','เกรียงไกร','วารุณี','222/12 เชียงใหม่','3.41');
INSERT INTO users(username, password, role, student_id) VALUES ('s0059','1234','student','S0059');
INSERT INTO students(student_id, fullname, faculty, major, program, dob, citizen_id, nationality, religion, blood, parent_father, parent_mother, address, gpa) VALUES ('S0060','กาญจน์ เสถียรชัย','คณะสังคมศาสตร์','รัฐศาสตร์','รัฐศาสตรบัณฑิต','2005-06-24','1000000008175','ไทย','พุทธ','O','สมโภชน์','นุชนารถ','208/6 สุราษฎร์ธานี','2.07');
INSERT INTO users(username, password, role, student_id) VALUES ('s0060','1234','student','S0060');
INSERT INTO students(student_id, fullname, faculty, major, program, dob, citizen_id, nationality, religion, blood, parent_father, parent_mother, address, gpa) VALUES ('S0061','วายุ วรุตม์','คณะวิศวกรรมศาสตร์','วิศวกรรมคอมพิวเตอร์','วิศวกรรมศาสตรบัณฑิต','2006-06-12','1000000007658','ไทย','พุทธ','O','อนุชา','สุนิสา','142/39 กรุงเทพฯ','3.44');
INSERT INTO users(username, password, role, student_id) VALUES ('s0061','1234','student','S0061');
INSERT INTO students(student_id, fullname, faculty, major, program, dob, citizen_id, nationality, religion, blood, parent_father, parent_mother, address, gpa) VALUES ('S0062','ขวัญใจ ใจดี','คณะวิศวกรรมศาสตร์','วิศวกรรมคอมพิวเตอร์','วิศวกรรมศาสตรบัณฑิต','2005-12-15','1000000008479','ไทย','พุทธ','B','สมโภชน์','ระพีพรรณ','68/64 ระยอง','2.02');
INSERT INTO users(username, password, role, student_id) VALUES ('s0062','1234','student','S0062');
INSERT INTO students(student_id, fullname, faculty, major, program, dob, citizen_id, nationality, religion, blood, parent_father, parent_mother, address, gpa) VALUES ('S0063','วริษา ศรีวิชัย','คณะสถาปัตยกรรมศาสตร์','สถาปัตยกรรม','สถาปัตยกรรมศาสตรบัณฑิต','2006-04-11','1000000008507','ไทย','พุทธ','AB','เกรียงไกร','นภัสสร','41/66 ลพบุรี','2.78');
INSERT INTO users(username, password, role, student_id) VALUES ('s0063','1234','student','S0063');
INSERT INTO students(student_id, fullname, faculty, major, program, dob, citizen_id, nationality, religion, blood, parent_father, parent_mother, address, gpa) VALUES ('S0064','ปวีร์ มณีโชติ','คณะสถาปัตยกรรมศาสตร์','สถาปัตยกรรม','สถาปัตยกรรมศาสตรบัณฑิต','2005-09-18','1000000008082','ไทย','พุทธ','AB','ปรีชา','สุมาลี','136/80 ขอนแก่น','2.42');
INSERT INTO users(username, password, role, student_id) VALUES ('s0064','1234','student','S0064');
INSERT INTO students(student_id, fullname, faculty, major, program, dob, citizen_id, nationality, religion, blood, parent_father, parent_mother, address, gpa) VALUES ('S0065','กิตติภพ บูรพา','คณะวิศวกรรมศาสตร์','วิศวกรรมไฟฟ้า','วิศวกรรมศาสตรบัณฑิต','2005-08-20','1000000008784','ไทย','คริสต์','A','โกมล','พรรณี','151/38 ปทุมธานี','3.13');
INSERT INTO users(username, password, role, student_id) VALUES ('s0065','1234','student','S0065');
INSERT INTO students(student_id, fullname, faculty, major, program, dob, citizen_id, nationality, religion, blood, parent_father, parent_mother, address, gpa) VALUES ('S0066','ชนะชัย ภักดี','คณะสังคมศาสตร์','รัฐศาสตร์','รัฐศาสตรบัณฑิต','2004-04-08','1000000008152','ไทย','พุทธ','A','เฉลิม','สุมาลี','203/33 นนทบุรี','3.01');
INSERT INTO users(username, password, role, student_id) VALUES ('s0066','1234','student','S0066');
INSERT INTO students(student_id, fullname, faculty, major, program, dob, citizen_id, nationality, religion, blood, parent_father, parent_mother, address, gpa) VALUES ('S0067','อนุชา หทัยกานต์','คณะสังคมศาสตร์','รัฐศาสตร์','รัฐศาสตรบัณฑิต','2004-01-16','1000000009022','ไทย','พุทธ','AB','เกรียงไกร','ขนิษฐา','151/30 ภูเก็ต','2.10');
INSERT INTO users(username, password, role, student_id) VALUES ('s0067','1234','student','S0067');
INSERT INTO students(student_id, fullname, faculty, major, program, dob, citizen_id, nationality, religion, blood, parent_father, parent_mother, address, gpa) VALUES ('S0068','ชลธิชา ภักดี','คณะวิทยาศาสตร์','เคมี','วิทยาศาสตรบัณฑิต','2006-03-15','1000000008858','ไทย','พุทธ','O','ปรีชา','นภัสสร','180/28 เชียงใหม่','2.74');
INSERT INTO users(username, password, role, student_id) VALUES ('s0068','1234','student','S0068');
INSERT INTO students(student_id, fullname, faculty, major, program, dob, citizen_id, nationality, religion, blood, parent_father, parent_mother, address, gpa) VALUES ('S0069','อรรถ วรุตม์','คณะวิทยาศาสตร์','ฟิสิกส์','วิทยาศาสตรบัณฑิต','2006-11-07','1000000009198','ไทย','พุทธ','B','สมโภชน์','เสาวลักษณ์','95/80 สงขลา','2.16');
INSERT INTO users(username, password, role, student_id) VALUES ('s0069','1234','student','S0069');
INSERT INTO students(student_id, fullname, faculty, major, program, dob, citizen_id, nationality, religion, blood, parent_father, parent_mother, address, gpa) VALUES ('S0070','ธีรภัทร ทวีศักดิ์','คณะสังคมศาสตร์','รัฐศาสตร์','รัฐศาสตรบัณฑิต','2005-02-26','1000000008891','ไทย','คริสต์','A','โกมล','สุมาลี','84/51 ปทุมธานี','2.82');
INSERT INTO users(username, password, role, student_id) VALUES ('s0070','1234','student','S0070');
INSERT INTO students(student_id, fullname, faculty, major, program, dob, citizen_id, nationality, religion, blood, parent_father, parent_mother, address, gpa) VALUES ('S0071','นรินทร์ ฟ้าใส','คณะวิทยาศาสตร์','เคมี','วิทยาศาสตรบัณฑิต','2006-10-12','1000000009034','ไทย','พุทธ','O','เกรียงไกร','กาญจนา','201/94 สุราษฎร์ธานี','2.41');
INSERT INTO users(username, password, role, student_id) VALUES ('s0071','1234','student','S0071');
INSERT INTO students(student_id, fullname, faculty, major, program, dob, citizen_id, nationality, religion, blood, parent_father, parent_mother, address, gpa) VALUES ('S0072','ธนดล ฟ้าใส','คณะวิทยาศาสตร์','วิทยาการคอมพิวเตอร์','วิทยาศาสตรบัณฑิต','2005-10-12','1000000009204','ไทย','พุทธ','A','สมพร','ขนิษฐา','283/19 สุราษฎร์ธานี','2.18');
INSERT INTO users(username, password, role, student_id) VALUES ('s0072','1234','student','S0072');
INSERT INTO students(student_id, fullname, faculty, major, program, dob, citizen_id, nationality, religion, blood, parent_father, parent_mother, address, gpa) VALUES ('S0073','แพรวา สถาพร','คณะวิทยาการจัดการ','การบัญชี','บริหารธุรกิจบัณฑิต','2004-06-10','1000000009021','ไทย','อิสลาม','A','สุชาติ','พรรณี','197/63 ลพบุรี','2.60');
INSERT INTO users(username, password, role, student_id) VALUES ('s0073','1234','student','S0073');
INSERT INTO students(student_id, fullname, faculty, major, program, dob, citizen_id, nationality, religion, blood, parent_father, parent_mother, address, gpa) VALUES ('S0074','อารยา เสถียรชัย','คณะสังคมศาสตร์','สังคมวิทยาและมานุษยวิทยา','รัฐศาสตรบัณฑิต','2004-10-21','1000000009376','ไทย','พุทธ','A','เดชาชาญ','นภัสสร','208/79 ลพบุรี','3.66');
INSERT INTO users(username, password, role, student_id) VALUES ('s0074','1234','student','S0074');
INSERT INTO students(student_id, fullname, faculty, major, program, dob, citizen_id, nationality, religion, blood, parent_father, parent_mother, address, gpa) VALUES ('S0075','อรรถ กตัญญู','คณะสังคมศาสตร์','สังคมสงเคราะห์','รัฐศาสตรบัณฑิต','2004-07-12','1000000009228','ไทย','พุทธ','A','ชูชาติ','ขนิษฐา','288/97 เชียงใหม่','3.34');
INSERT INTO users(username, password, role, student_id) VALUES ('s0075','1234','student','S0075');
INSERT INTO students(student_id, fullname, faculty, major, program, dob, citizen_id, nationality, religion, blood, parent_father, parent_mother, address, gpa) VALUES ('S0076','ชยุต รุ่งเรือง','คณะสังคมศาสตร์','สังคมสงเคราะห์','รัฐศาสตรบัณฑิต','2006-05-21','1000000009655','ไทย','พุทธ','A','สมโภชน์','อัจฉรา','189/58 พิษณุโลก','2.36');
INSERT INTO users(username, password, role, student_id) VALUES ('s0076','1234','student','S0076');
INSERT INTO students(student_id, fullname, faculty, major, program, dob, citizen_id, nationality, religion, blood, parent_father, parent_mother, address, gpa) VALUES ('S0077','ธีรภัทร สุขใจ','คณะวิศวกรรมศาสตร์','วิศวกรรมโยธา','วิศวกรรมศาสตรบัณฑิต','2006-08-27','1000000009531','ไทย','พุทธ','AB','ปรีชา','สุมาลี','66/46 นครราชสีมา','2.73');
INSERT INTO users(username, password, role, student_id) VALUES ('s0077','1234','student','S0077');
INSERT INTO students(student_id, fullname, faculty, major, program, dob, citizen_id, nationality, religion, blood, parent_father, parent_mother, address, gpa) VALUES ('S0078','ชนิดา ศรีทอง','คณะสถาปัตยกรรมศาสตร์','สถาปัตยกรรม','สถาปัตยกรรมศาสตรบัณฑิต','2004-11-05','1000000009555','ไทย','คริสต์','B','ทวีชัย','สุมาลี','28/97 สุราษฎร์ธานี','3.31');
INSERT INTO users(username, password, role, student_id) VALUES ('s0078','1234','student','S0078');
INSERT INTO students(student_id, fullname, faculty, major, program, dob, citizen_id, nationality, religion, blood, parent_father, parent_mother, address, gpa) VALUES ('S0079','สมหญิง ทรัพย์สมบัติ','คณะวิทยาศาสตร์','ฟิสิกส์','วิทยาศาสตรบัณฑิต','2006-12-27','1000000009706','ไทย','พุทธ','A','บุญเลิศ','วารุณี','85/88 นนทบุรี','2.13');
INSERT INTO users(username, password, role, student_id) VALUES ('s0079','1234','student','S0079');
INSERT INTO students(student_id, fullname, faculty, major, program, dob, citizen_id, nationality, religion, blood, parent_father, parent_mother, address, gpa) VALUES ('S0080','ชนะชัย บูรพา','คณะอักษรศาสตร์','ภาษาจีน','ศิลปศาสตรบัณฑิต','2005-03-09','1000000010231','ไทย','พุทธ','A','ประสงค์','อุไรวรรณ','260/31 น่าน','2.74');
INSERT INTO users(username, password, role, student_id) VALUES ('s0080','1234','student','S0080');
INSERT INTO advisors(name, position, department, email, phone) VALUES ('ว่าที่ ร.ต.มนัส ภูทวี','รองผู้อำนวยการฝ่ายวิชาการ','คณะวิทยาศาสตร์','manus.poothawee@example.edu','0895678623');
INSERT INTO advisors(name, position, department, email, phone) VALUES ('รศ. ดร. อธิคม เก่งกล้า','ผู้ช่วยคณบดี','คณะวิศวกรรมศาสตร์','advisor2@example.edu','0842930700');
INSERT INTO advisors(name, position, department, email, phone) VALUES ('อ. นภา ฟ้าใส','หัวหน้าภาควิชา','คณะอักษรศาสตร์','advisor3@example.edu','0879748521');
INSERT INTO advisors(name, position, department, email, phone) VALUES ('อ. สุเมธ เจริญสุข','รองคณบดี','คณะวิทยาการจัดการ','advisor4@example.edu','0867232169');
INSERT INTO advisors(name, position, department, email, phone) VALUES ('รศ. ดร. อริยา รุ่งโรจน์','ผู้ช่วยคณบดี','คณะอักษรศาสตร์','advisor5@example.edu','0893452752');
INSERT INTO advisors(name, position, department, email, phone) VALUES ('รศ. ดร. ชัชวาล สุขใจ','รองคณบดี','คณะวิทยาศาสตร์','advisor6@example.edu','0874859553');
INSERT INTO advisors(name, position, department, email, phone) VALUES ('ผศ. ดร. ขจรเกียรติ เรืองเดช','คณบดี','คณะสถาปัตยกรรมศาสตร์','advisor7@example.edu','0805972488');
INSERT INTO advisors(name, position, department, email, phone) VALUES ('รศ. ดร. ธารินทร์ ศรีทอง','รองคณบดี','คณะสถาปัตยกรรมศาสตร์','advisor8@example.edu','0896245376');
INSERT INTO advisors(name, position, department, email, phone) VALUES ('อ. สุนิษา ชื่นจิต','หัวหน้าภาควิชา','คณะวิทยาศาสตร์','advisor9@example.edu','0833505924');
INSERT INTO advisors(name, position, department, email, phone) VALUES ('รศ. ดร. อรพรรณ นิลประเสริฐ','คณบดี','คณะสถาปัตยกรรมศาสตร์','advisor10@example.edu','0868007624');
INSERT INTO advisors(name, position, department, email, phone) VALUES ('รศ. ดร. กิตติคุณ โสภณพานิช','อาจารย์ประจำ','คณะวิศวกรรมศาสตร์','advisor11@example.edu','0874812784');
INSERT INTO advisors(name, position, department, email, phone) VALUES ('อ. พัชรินทร์ ศรีวัฒน์','อาจารย์ประจำ','คณะวิทยาศาสตร์','advisor12@example.edu','0806955283');
INSERT INTO advisors(name, position, department, email, phone) VALUES ('รศ. ดร. ศรายุทธ ชาญเดช','อาจารย์ประจำ','คณะวิทยาการจัดการ','advisor13@example.edu','0859960931');
INSERT INTO advisors(name, position, department, email, phone) VALUES ('ผศ. ดร. ปิยะวดี ประภากร','ผู้ช่วยคณบดี','คณะวิทยาการจัดการ','advisor14@example.edu','0843243561');
INSERT INTO advisors(name, position, department, email, phone) VALUES ('ผศ. ดร. จิตติพร กุลนาถ','รองคณบดี','คณะวิทยาการจัดการ','advisor15@example.edu','0873661259');
INSERT INTO advisors(name, position, department, email, phone) VALUES ('ผศ. ดร. จิรยุทธ อินทร','อาจารย์ประจำ','คณะวิศวกรรมศาสตร์','advisor16@example.edu','0828564059');
INSERT INTO advisors(name, position, department, email, phone) VALUES ('อ. ชลิตา ยิ้มแย้ม','อาจารย์ประจำ','คณะสถาปัตยกรรมศาสตร์','advisor17@example.edu','0825525824');
INSERT INTO advisors(name, position, department, email, phone) VALUES ('ดร. รพีพร สุวรรณ','รองคณบดี','คณะวิทยาศาสตร์','advisor18@example.edu','0806877607');
INSERT INTO advisors(name, position, department, email, phone) VALUES ('ดร. ธีรเดช ธนกิจ','คณบดี','คณะวิทยาการจัดการ','advisor19@example.edu','0875169088');
INSERT INTO advisors(name, position, department, email, phone) VALUES ('ผศ. ดร. พิมพ์พิศา นพคุณ','อาจารย์ประจำ','คณะวิทยาศาสตร์','advisor20@example.edu','0809917550');
INSERT INTO advisors(name, position, department, email, phone) VALUES ('อ. กวิน อุดรผล','ผู้ช่วยคณบดี','คณะวิศวกรรมศาสตร์','advisor21@example.edu','0833671211');
INSERT INTO advisors(name, position, department, email, phone) VALUES ('อ. พรรษมน กิตติวิชญ์','อาจารย์ประจำ','คณะวิทยาศาสตร์','advisor22@example.edu','0894309442');
INSERT INTO advisors(name, position, department, email, phone) VALUES ('ผศ. ดร. สหชัย พงษ์พิพัฒน์','ผู้ช่วยคณบดี','คณะวิศวกรรมศาสตร์','advisor23@example.edu','0889505179');
INSERT INTO advisors(name, position, department, email, phone) VALUES ('ดร. ปิยวัฒน์ อัมพร','คณบดี','คณะวิศวกรรมศาสตร์','advisor24@example.edu','0886190576');
INSERT INTO advisors(name, position, department, email, phone) VALUES ('อ. อาทิตยา วัฒนธรรม','รองคณบดี','คณะสถาปัตยกรรมศาสตร์','advisor25@example.edu','0809018255');
INSERT INTO advisors(name, position, department, email, phone) VALUES ('อ. เกียรติศักดิ์ บุญเลี้ยง','ผู้ช่วยคณบดี','คณะสังคมศาสตร์','advisor26@example.edu','0872350206');
INSERT INTO advisors(name, position, department, email, phone) VALUES ('ดร. ศุภวรรณ ศรีประเสริฐ','อาจารย์ที่ปรึกษา','คณะวิศวกรรมศาสตร์','advisor27@example.edu','0815386012');
INSERT INTO advisors(name, position, department, email, phone) VALUES ('ผศ. ดร. วิชิต ปัญญาเลิศ','หัวหน้าภาควิชา','คณะวิทยาศาสตร์','advisor28@example.edu','0816629025');
INSERT INTO advisors(name, position, department, email, phone) VALUES ('รศ. ดร. นิศาชล ชลาลัย','หัวหน้าภาควิชา','คณะวิทยาศาสตร์','advisor29@example.edu','0848315750');
INSERT INTO advisors(name, position, department, email, phone) VALUES ('รศ. ดร. พีรพล ธนากิจ','รองคณบดี','คณะสถาปัตยกรรมศาสตร์','advisor30@example.edu','0832433128');