SET NAMES utf8mb4;
CREATE TABLE IF NOT EXISTS users (id INT AUTO_INCREMENT PRIMARY KEY, username VARCHAR(50), password VARCHAR(100), role VARCHAR(20), student_id VARCHAR(10));
CREATE TABLE IF NOT EXISTS admins (id INT AUTO_INCREMENT PRIMARY KEY, username VARCHAR(50), otp_code VARCHAR(4));
CREATE TABLE IF NOT EXISTS students (id INT AUTO_INCREMENT PRIMARY KEY, student_id VARCHAR(10), fullname VARCHAR(100), faculty VARCHAR(100), major VARCHAR(100), program VARCHAR(100), dob DATE, citizen_id VARCHAR(20), nationality VARCHAR(50), religion VARCHAR(50), blood VARCHAR(5), parent_father VARCHAR(100), parent_mother VARCHAR(100), address VARCHAR(200), gpa DECIMAL(3,2));
CREATE TABLE IF NOT EXISTS advisors (id INT AUTO_INCREMENT PRIMARY KEY, name VARCHAR(120), position VARCHAR(120), department VARCHAR(120), email VARCHAR(120), phone VARCHAR(50));
DELETE FROM users; DELETE FROM admins; DELETE FROM students; DELETE FROM advisors;
INSERT INTO admins(username, otp_code) VALUES ('admin','0042');
INSERT INTO users(username, password, role, student_id) VALUES ('admin','admin123','admin', NULL);
INSERT INTO students(student_id, fullname, faculty, major, program, dob, citizen_id, nationality, religion, blood, parent_father, parent_mother, address, gpa) VALUES ('S0001','สมชาย ใจดี','คณะวิทยาศาสตร์','วิทยาการคอมพิวเตอร์','หลักสูตรวิทยาศาสตรบัณฑิต','2005-01-10','1234567890123','ไทย','พุทธ','O','สมพร ใจดี','สมศรี ใจดี','123/4 ถ.สุขสบาย กรุงเทพฯ','3.35');
INSERT INTO students(student_id, fullname, faculty, major, program, dob, citizen_id, nationality, religion, blood, parent_father, parent_mother, address, gpa) VALUES ('S0002','สมหญิง กตัญญู','คณะวิศวกรรมศาสตร์','วิศวกรรมไฟฟ้า','หลักสูตรวิศวกรรมศาสตรบัณฑิต','2005-02-12','1234567890124','ไทย','พุทธ','A','ประสิทธิ์ กตัญญู','ขนิษฐา กตัญญู','99 หมู่ 5 เชียงใหม่','3.02');
INSERT INTO students(student_id, fullname, faculty, major, program, dob, citizen_id, nationality, religion, blood, parent_father, parent_mother, address, gpa) VALUES ('S0003','นนทก จิตรมั่น','คณะสังคมศาสตร์','รัฐศาสตร์','หลักสูตรรัฐศาสตรบัณฑิต','2004-12-08','1234567890125','ไทย','พุทธ','B','สุชาติ จิตรมั่น','สุมาลี จิตรมั่น','55/7 ภูเก็ต','2.87');
INSERT INTO students(student_id, fullname, faculty, major, program, dob, citizen_id, nationality, religion, blood, parent_father, parent_mother, address, gpa) VALUES ('S0004','พิมพ์ดาว ธารา','คณะวิทยาศาสตร์','ชีววิทยา','หลักสูตรวิทยาศาสตรบัณฑิต','2005-06-23','1234567890126','ไทย','พุทธ','AB','ปรีชา ธารา','พรรณี ธารา','78 ลำปาง','3.75');
INSERT INTO students(student_id, fullname, faculty, major, program, dob, citizen_id, nationality, religion, blood, parent_father, parent_mother, address, gpa) VALUES ('S0005','วายุ บูรพา','คณะวิศวกรรมศาสตร์','วิศวกรรมคอมพิวเตอร์','หลักสูตรวิศวกรรมศาสตรบัณฑิต','2005-09-01','1234567890127','ไทย','พุทธ','O','วีรพล บูรพา','พรพิมล บูรพา','18 ระยอง','2.55');
INSERT INTO students(student_id, fullname, faculty, major, program, dob, citizen_id, nationality, religion, blood, parent_father, parent_mother, address, gpa) VALUES ('S0006','ขวัญใจ มณีโชติ','คณะอักษรศาสตร์','ภาษาอังกฤษ','ศิลปศาสตรบัณฑิต','2004-11-19','1234567890128','ไทย','พุทธ','A','จรูญ มณีโชติ','พัชรี มณีโชติ','101 ขอนแก่น','3.90');
INSERT INTO students(student_id, fullname, faculty, major, program, dob, citizen_id, nationality, religion, blood, parent_father, parent_mother, address, gpa) VALUES ('S0007','จันทร์เพ็ญ กัญญา','คณะวิทยาการจัดการ','การบัญชี','บัญชีบัณฑิต','2005-05-14','1234567890129','ไทย','พุทธ','B','ชูชาติ กัญญา','กาญจนา กัญญา','40 สงขลา','3.10');
INSERT INTO students(student_id, fullname, faculty, major, program, dob, citizen_id, nationality, religion, blood, parent_father, parent_mother, address, gpa) VALUES ('S0008','เดชา ภักดี','คณะวิทยาศาสตร์','เคมี','วิทยาศาสตรบัณฑิต','2005-03-09','1234567890130','ไทย','พุทธ','O','เดชาชาญ ภักดี','นุชนารถ ภักดี','222 ลพบุรี','2.98');
INSERT INTO students(student_id, fullname, faculty, major, program, dob, citizen_id, nationality, religion, blood, parent_father, parent_mother, address, gpa) VALUES ('S0009','อารยา ทองดี','คณะสถาปัตย์','สถาปัตยกรรม','สถาปัตยกรรมศาสตรบัณฑิต','2005-07-30','1234567890131','ไทย','พุทธ','A','อนุชา ทองดี','อุไรวรรณ ทองดี','7/8 นนทบุรี','3.45');
INSERT INTO students(student_id, fullname, faculty, major, program, dob, citizen_id, nationality, religion, blood, parent_father, parent_mother, address, gpa) VALUES ('S0010','พชร วรุตม์','คณะวิทยาศาสตร์','วิทยาการข้อมูล','วิทยาศาสตรบัณฑิต','2005-04-18','1234567890132','ไทย','พุทธ','O','พีระ วรุตม์','วารุณี วรุตม์','88 ปทุมธานี','3.67');
INSERT INTO users(username,password,role,student_id) VALUES ('s0001','1234','student','S0001');
INSERT INTO users(username,password,role,student_id) VALUES ('s0002','1234','student','S0002');
INSERT INTO users(username,password,role,student_id) VALUES ('s0003','1234','student','S0003');
INSERT INTO users(username,password,role,student_id) VALUES ('s0004','1234','student','S0004');
INSERT INTO users(username,password,role,student_id) VALUES ('s0005','1234','student','S0005');
INSERT INTO users(username,password,role,student_id) VALUES ('s0006','1234','student','S0006');
INSERT INTO users(username,password,role,student_id) VALUES ('s0007','1234','student','S0007');
INSERT INTO users(username,password,role,student_id) VALUES ('s0008','1234','student','S0008');
INSERT INTO users(username,password,role,student_id) VALUES ('s0009','1234','student','S0009');
INSERT INTO users(username,password,role,student_id) VALUES ('s0010','1234','student','S0010');
INSERT INTO advisors(name, position, department, email, phone) VALUES ('ว่าที่ ร.ต.มนัส ภูทวี','รองผู้อำนวยการฝ่ายวิชาการ','คณะวิทยาศาสตร์','iammanus@hotmail.com','0895678623');
INSERT INTO advisors(name, position, department, email, phone) VALUES ('Acting Lt.2 Manus Poothawee','รองผอ.ฝ่ายวิชาการ','คณะวิทยาศาสตร์','manus.poothawee@example.com','0895678623');
INSERT INTO advisors(name, position, department, email, phone) VALUES ('ดร. อธิคม เก่งกล้า','อาจารย์ประจำ','คณะวิศวกรรมศาสตร์','athikom@example.com','0811111111');
INSERT INTO advisors(name, position, department, email, phone) VALUES ('ผศ. ดร. นภา ฟ้าใส','รองคณบดี','คณะอักษรศาสตร์','napa@example.com','0822222222');
INSERT INTO advisors(name, position, department, email, phone) VALUES ('รศ. ดร. สุเมธ เจริญสุข','คณบดี','คณะวิทยาศาสตร์','sumet@example.com','0833333333');
INSERT INTO advisors(name, position, department, email, phone) VALUES ('ผศ. ดร. อริยา รุ่งโรจน์','หัวหน้าภาควิชาคอมพิวเตอร์','คณะวิทยาศาสตร์','ariya@example.com','0844444444');
INSERT INTO advisors(name, position, department, email, phone) VALUES ('อ. ชัชวาล สุขใจ','อาจารย์ผู้สอน','คณะสังคมศาสตร์','chatcha@example.com','0855555555');
INSERT INTO advisors(name, position, department, email, phone) VALUES ('อ. ขจรเกียรติ เรืองเดช','อาจารย์ที่ปรึกษา','คณะวิศวกรรมศาสตร์','kajorn@example.com','0866666666');
INSERT INTO advisors(name, position, department, email, phone) VALUES ('อ. ธารินทร์ ศรีทอง','อาจารย์ที่ปรึกษา','คณะวิทยาการจัดการ','tharin@example.com','0877777777');
INSERT INTO advisors(name, position, department, email, phone) VALUES ('อ. สุนิษา ชื่นจิต','อาจารย์ผู้สอน','คณะสถาปัตย์','sunisa@example.com','0888888888');